Speaker_control,LEDs_control
11.197048901720402,0.13029510982795975
