Speaker_control,LEDs_control
11.882294344249209,0.06177056557507908
