Speaker_control,LEDs_control
11.591004326457398,0.09089956735426011
